{"loss": [2.1579859256744385, 1.0766011476516724, 0.8924692273139954, 0.805279016494751, 0.7236521244049072, 0.6278867721557617, 0.5825811624526978, 0.5175288915634155, 0.46905195713043213, 0.44329458475112915, 0.4143095016479492, 0.39932239055633545, 0.363795667886734, 0.33277592062950134, 0.33496928215026855, 0.316904217004776, 0.31975993514060974, 0.2782056927680969, 0.2615461051464081, 0.2542724311351776, 0.2471616566181183, 0.26150497794151306, 0.2509480118751526, 0.23768849670886993, 0.2508426904678345, 0.2099599987268448, 0.24003073573112488, 0.2025541216135025, 0.20831583440303802, 0.22847457230091095, 0.2071295529603958, 0.1857854425907135, 0.225089430809021, 0.19292157888412476, 0.16175256669521332, 0.1891704797744751, 0.19512781500816345, 0.17270368337631226, 0.1749671995639801, 0.17884747684001923, 0.19362010061740875, 0.1916874796152115, 0.16068165004253387, 0.19380731880664825, 0.14891120791435242, 0.16285698115825653, 0.15688635408878326, 0.1666288673877716, 0.14289210736751556, 0.141371950507164], "accuracy": [0.45560118556022644, 0.5837699770927429, 0.6598215699195862, 0.6973516345024109, 0.7273757457733154, 0.7668885588645935, 0.7894065976142883, 0.8099419474601746, 0.8304772973060608, 0.8365670442581177, 0.8508709669113159, 0.8539866805076599, 0.8681489825248718, 0.8794788122177124, 0.8784874677658081, 0.8901005387306213, 0.8893924355506897, 0.899730920791626, 0.9041212201118469, 0.9102110266685486, 0.9127602577209473, 0.9083698987960815, 0.9097861647605896, 0.9147429466247559, 0.9134683609008789, 0.9263560175895691, 0.9160175323486328, 0.9290468692779541, 0.9232403635978699, 0.9195581078529358, 0.9274890422821045, 0.9342869520187378, 0.9247981905937195, 0.9300382137298584, 0.9386772513389587, 0.9332955479621887, 0.9332955479621887, 0.9379691481590271, 0.9348534345626831, 0.9366945028305054, 0.9297549724578857, 0.9296133518218994, 0.9426426887512207, 0.9313128590583801, 0.9461832642555237, 0.9419345855712891, 0.9415097236633301, 0.9434924125671387, 0.9488741159439087, 0.9468913674354553], "val_loss": [1.1736513376235962, 0.9811649322509766, 0.8823282718658447, 0.8800540566444397, 0.7585888504981995, 0.7743110060691833, 0.5980731248855591, 0.6176561713218689, 0.6072863936424255, 0.6307476758956909, 0.540276825428009, 0.5612148642539978, 0.6736007928848267, 0.5533013343811035, 0.7909812927246094, 0.5182097554206848, 0.5480042099952698, 0.5842136740684509, 0.40687811374664307, 0.43138331174850464, 0.5244515538215637, 0.6481956839561462, 0.4870109260082245, 0.49506163597106934, 0.5294270515441895, 0.47663503885269165, 0.5324687957763672, 0.5226016640663147, 0.5206835269927979, 0.5104663968086243, 0.44974249601364136, 0.48863330483436584, 0.5017226934432983, 0.44960156083106995, 0.42395609617233276, 0.57069331407547, 0.522777259349823, 0.4480246305465698, 0.4819217920303345, 0.4826798141002655, 0.4434068500995636, 0.42215242981910706, 0.44937771558761597, 0.47051364183425903, 0.4798276126384735, 0.4714868664741516, 0.4628409147262573, 0.4876570403575897, 0.4999488592147827, 0.5392400622367859], "val_accuracy": [0.5668830871582031, 0.6370129585266113, 0.6694805026054382, 0.6675324440002441, 0.7305194735527039, 0.7370129823684692, 0.7993506789207458, 0.7857142686843872, 0.7941558361053467, 0.8045454621315002, 0.8435065150260925, 0.8149350881576538, 0.7974026203155518, 0.8370130062103271, 0.7694805264472961, 0.8422077894210815, 0.8454545736312866, 0.8376623392105103, 0.8831169009208679, 0.8779220581054688, 0.8597402572631836, 0.8194805383682251, 0.8597402572631836, 0.8753246665000916, 0.8655844330787659, 0.8831169009208679, 0.8668830990791321, 0.8688311576843262, 0.8772727251052856, 0.8694804906845093, 0.8935064673423767, 0.8746753334999084, 0.8727272748947144, 0.8844155669212341, 0.9032467603683472, 0.8785714507102966, 0.8766233921051025, 0.8954545259475708, 0.8935064673423767, 0.8948051929473877, 0.9025974273681641, 0.8928571343421936, 0.8999999761581421, 0.8902597427368164, 0.8980519771575928, 0.8844155669212341, 0.9025974273681641, 0.8779220581054688, 0.885064959526062, 0.8967532515525818], "training_time": 14266.192988872528}