{"loss": [0.9705774784088135, 0.4631927013397217, 0.28014281392097473, 0.21329784393310547, 0.18649868667125702, 0.1541396975517273, 0.16019709408283234, 0.1457686573266983, 0.12007833272218704, 0.13173502683639526, 0.11506768316030502, 0.10351703315973282, 0.10839471220970154, 0.10584612935781479, 0.09507429599761963, 0.09912151843309402, 0.1164071187376976, 0.10080593824386597, 0.08553682267665863, 0.08935258537530899, 0.09154482185840607, 0.09225587546825409, 0.09713252633810043, 0.08287813514471054, 0.07965416461229324, 0.08803239464759827, 0.07372279465198517, 0.07655275613069534, 0.08260772377252579, 0.07013434916734695, 0.089045450091362, 0.06720659881830215, 0.07136683911085129, 0.06744658201932907, 0.07381061464548111, 0.08099482953548431, 0.07094918936491013, 0.061730269342660904, 0.07834523916244507, 0.07251299172639847, 0.05460277199745178, 0.06946761906147003, 0.0563211664557457, 0.07035856693983078, 0.06882209330797195, 0.04906632751226425, 0.06667859107255936, 0.0550086610019207, 0.07241186499595642, 0.06764564663171768], "accuracy": [0.6283812522888184, 0.8365670442581177, 0.9092196822166443, 0.9296133518218994, 0.939668595790863, 0.9491573572158813, 0.9461832642555237, 0.9531227946281433, 0.9570882320404053, 0.9543973803520203, 0.9559552669525146, 0.9626115560531616, 0.9609120488166809, 0.9636029005050659, 0.9653023481369019, 0.9657272100448608, 0.9582211971282959, 0.9624698758125305, 0.9679931998252869, 0.9651607275009155, 0.9657272100448608, 0.9651607275009155, 0.9645942449569702, 0.9691261649131775, 0.9699759483337402, 0.9667186141014099, 0.9715337753295898, 0.9711089134216309, 0.9705424308776855, 0.9723834991455078, 0.9677099585533142, 0.9737997651100159, 0.9732332825660706, 0.9728083610534668, 0.9721002578735352, 0.9711089134216309, 0.9705424308776855, 0.9745078682899475, 0.9722418785095215, 0.9740830063819885, 0.9773403406143188, 0.9719586372375488, 0.9781900644302368, 0.9735165238380432, 0.9739413857460022, 0.9776235818862915, 0.9742246270179749, 0.9763489365577698, 0.9735165238380432, 0.9764905571937561], "val_loss": [0.6897616386413574, 0.4539238214492798, 0.4241194427013397, 0.3168329894542694, 0.31235837936401367, 0.32143884897232056, 0.3246299624443054, 0.2837648391723633, 0.3019810914993286, 0.32367241382598877, 0.29071980714797974, 0.2978195250034332, 0.427973210811615, 0.3386797606945038, 0.3132159411907196, 0.3577524423599243, 0.40111976861953735, 0.3259514272212982, 0.32979509234428406, 0.311321496963501, 0.3343808650970459, 0.5836877226829529, 0.3605582118034363, 0.3161214292049408, 0.31447356939315796, 0.3406972587108612, 0.3433457314968109, 0.34026235342025757, 0.3260846734046936, 0.36402857303619385, 0.37985923886299133, 0.33361855149269104, 0.34365522861480713, 0.4200364649295807, 0.3669056296348572, 0.3628584146499634, 0.3332138955593109, 0.3887336254119873, 0.370001882314682, 0.37633219361305237, 0.42630448937416077, 0.43783509731292725, 0.3979189693927765, 0.4372830390930176, 0.35910722613334656, 0.39898666739463806, 0.37422770261764526, 0.405929833650589, 0.4240918755531311, 0.39465653896331787], "val_accuracy": [0.7577922344207764, 0.8551948070526123, 0.8558441400527954, 0.9019480347633362, 0.9149350523948669, 0.9071428775787354, 0.9110389351844788, 0.9279220700263977, 0.9116883277893066, 0.9220778942108154, 0.9214285612106323, 0.9246753454208374, 0.8967532515525818, 0.9227272868156433, 0.9292207956314087, 0.9097402691841125, 0.9058441519737244, 0.9305194616317749, 0.9266234040260315, 0.9279220700263977, 0.9259740114212036, 0.8714285492897034, 0.9220778942108154, 0.9292207956314087, 0.9350649118423462, 0.9214285612106323, 0.9318181872367859, 0.9357143044471741, 0.932467520236969, 0.9298701286315918, 0.918181836605072, 0.9363636374473572, 0.9305194616317749, 0.9220778942108154, 0.9350649118423462, 0.9285714030265808, 0.9298701286315918, 0.9253246784210205, 0.93376624584198, 0.9311688542366028, 0.9201298952102661, 0.9207792282104492, 0.9214285612106323, 0.9272727370262146, 0.932467520236969, 0.9272727370262146, 0.9285714030265808, 0.932467520236969, 0.9311688542366028, 0.9311688542366028], "training_time": 1630.818160533905}