{"loss": [0.832004964351654, 0.35747143626213074, 0.23781292140483856, 0.20785844326019287, 0.15472625195980072, 0.13466817140579224, 0.1439434140920639, 0.12750951945781708, 0.11299489438533783, 0.11268658936023712, 0.11824709922075272, 0.12588509917259216, 0.09054672718048096, 0.09886352717876434, 0.08140861243009567, 0.09454148262739182, 0.09131281077861786, 0.07865986973047256, 0.07974100857973099, 0.08902277797460556, 0.0913105309009552, 0.06555646657943726, 0.07104723155498505, 0.07290708273649216, 0.0739629715681076, 0.07210299372673035, 0.05849864333868027, 0.08313007652759552, 0.06685684621334076, 0.057555343955755234, 0.055920545011758804, 0.06530174612998962, 0.06564361602067947, 0.05961724370718002, 0.07544171065092087, 0.07960899919271469, 0.051615431904792786, 0.046287525445222855, 0.05637994781136513, 0.06353816390037537, 0.0503399521112442, 0.05776828154921532, 0.04856492951512337, 0.04830148443579674, 0.045903708785772324, 0.05981064215302467, 0.07400868088006973, 0.04593977332115173, 0.033563096076250076, 0.04138370230793953], "accuracy": [0.7106642127037048, 0.8726809024810791, 0.9219657182693481, 0.9304631352424622, 0.9483076333999634, 0.9528395533561707, 0.950290322303772, 0.9539725184440613, 0.9573714733123779, 0.9613369107246399, 0.9603455662727356, 0.9555304050445557, 0.9643110036849976, 0.9602039456367493, 0.9682764410972595, 0.9655855894088745, 0.9665769934654236, 0.9685596823692322, 0.9674267172813416, 0.9633196592330933, 0.9670018553733826, 0.9721002578735352, 0.9711089134216309, 0.9701175689697266, 0.9701175689697266, 0.9721002578735352, 0.9750743508338928, 0.9689845442771912, 0.9739413857460022, 0.9760656952857971, 0.9771987199783325, 0.9737997651100159, 0.9750743508338928, 0.9746494889259338, 0.9715337753295898, 0.9709672927856445, 0.9776235818862915, 0.9820138812065125, 0.9770570993423462, 0.9766321778297424, 0.9810225367546082, 0.9788981676101685, 0.9797478914260864, 0.9807392954826355, 0.9811641573905945, 0.9766321778297424, 0.9750743508338928, 0.9817306399345398, 0.9864041805267334, 0.9832884669303894], "val_loss": [0.5229795575141907, 0.3511945307254791, 0.5777266621589661, 0.3247894048690796, 0.3462263345718384, 0.3083333671092987, 0.28555428981781006, 0.39793360233306885, 0.2673187553882599, 0.39175641536712646, 0.385036438703537, 0.2643681466579437, 0.31129053235054016, 0.30841517448425293, 0.3403063118457794, 0.3062813878059387, 0.28219395875930786, 0.30916520953178406, 0.2886737883090973, 0.3186430037021637, 0.3217085301876068, 0.33839496970176697, 0.35629189014434814, 0.3321848511695862, 0.472716361284256, 0.31702759861946106, 0.36782535910606384, 0.40502414107322693, 0.34972792863845825, 0.36057248711586, 0.40143901109695435, 0.3604179620742798, 0.35674235224723816, 0.4523662328720093, 0.37219157814979553, 0.3544214069843292, 0.3948155641555786, 0.40917444229125977, 0.46579259634017944, 0.36097249388694763, 0.486592561006546, 0.4074957072734833, 0.41399890184402466, 0.47046104073524475, 0.5005855560302734, 0.6103809475898743, 0.41376739740371704, 0.449227899312973, 0.4458961486816406, 0.43117469549179077], "val_accuracy": [0.8142856955528259, 0.8909090757369995, 0.8422077894210815, 0.9077922105789185, 0.8902597427368164, 0.9233766198158264, 0.9318181872367859, 0.9084415435791016, 0.9357143044471741, 0.916883111000061, 0.9155844449996948, 0.9318181872367859, 0.9253246784210205, 0.9279220700263977, 0.9246753454208374, 0.9389610290527344, 0.9370129704475403, 0.93376624584198, 0.9370129704475403, 0.9305194616317749, 0.9311688542366028, 0.9246753454208374, 0.9396103620529175, 0.9402597546577454, 0.9370129704475403, 0.9357143044471741, 0.9285714030265808, 0.9266234040260315, 0.9402597546577454, 0.9363636374473572, 0.9292207956314087, 0.9422078132629395, 0.9422078132629395, 0.9298701286315918, 0.9376623630523682, 0.9428571462631226, 0.9331169128417969, 0.9363636374473572, 0.9305194616317749, 0.9402597546577454, 0.93376624584198, 0.9409090876579285, 0.9311688542366028, 0.93376624584198, 0.9331169128417969, 0.9136363863945007, 0.9415584206581116, 0.9376623630523682, 0.9435064792633057, 0.9402597546577454], "training_time": 12639.752521038055}