{"loss": [7.674113750457764, 5.696038722991943, 3.968482494354248, 2.3076395988464355, 1.8999024629592896, 2.000073194503784, 2.430635929107666, 2.0365219116210938, 1.1745414733886719, 0.6399078369140625, 0.7205805778503418, 0.8686442375183105, 0.7319127917289734, 0.6822101473808289, 0.6824999451637268, 0.6632280945777893, 0.41575098037719727, 0.39252954721450806, 0.5352686047554016, 0.42364680767059326, 0.7194106578826904, 1.3666703701019287, 0.5246962308883667, 0.5367714762687683, 0.406366229057312, 0.3154589831829071, 0.2710105776786804, 0.30540233850479126, 0.31527745723724365, 0.1971336007118225, 0.2778063416481018, 0.3491935431957245, 0.36878278851509094, 0.49486908316612244, 0.7311468720436096, 0.5229503512382507, 0.5491334795951843, 0.5395305752754211, 0.7699390053749084, 0.38272371888160706, 0.20941221714019775, 0.3279115855693817, 0.21128802001476288, 0.17147932946681976, 0.1852082759141922, 0.18685626983642578, 0.3164222836494446, 0.7070692181587219, 0.4144405126571655, 0.37688183784484863], "accuracy": [0.39170506596565247, 0.42396312952041626, 0.4838709533214569, 0.5898617506027222, 0.617511510848999, 0.5898617506027222, 0.5806451439857483, 0.6359447240829468, 0.695852518081665, 0.8018433451652527, 0.8018433451652527, 0.8018433451652527, 0.774193525314331, 0.8110598921775818, 0.8064516186714172, 0.8156682252883911, 0.8986175060272217, 0.8755760192871094, 0.8387096524238586, 0.8709677457809448, 0.8248847723007202, 0.695852518081665, 0.8202764987945557, 0.8663594722747803, 0.8755760192871094, 0.921658992767334, 0.921658992767334, 0.940092146396637, 0.9354838728904724, 0.9631336331367493, 0.9262672662734985, 0.8894008994102478, 0.9124423861503601, 0.8894008994102478, 0.8202764987945557, 0.861751139163971, 0.8940092325210571, 0.8709677457809448, 0.8341013789176941, 0.8986175060272217, 0.9447004795074463, 0.921658992767334, 0.940092146396637, 0.9631336331367493, 0.9447004795074463, 0.9493087530136108, 0.9124423861503601, 0.8571428656578064, 0.8709677457809448, 0.9124423861503601], "val_loss": [9.20659351348877, 6.230719566345215, 6.58148717880249, 5.327150821685791, 5.408374309539795, 5.089980602264404, 5.575313568115234, 5.150045871734619, 4.523850917816162, 3.5596320629119873, 5.364445686340332, 5.139056205749512, 5.120708465576172, 5.449158191680908, 5.673156261444092, 5.1140642166137695, 4.1745195388793945, 4.358790397644043, 4.2548604011535645, 5.4170637130737305, 4.587406158447266, 5.280567646026611, 4.284455299377441, 4.290898323059082, 3.7050390243530273, 4.187424182891846, 4.489487171173096, 4.248504638671875, 4.399857044219971, 4.744232654571533, 4.469290733337402, 5.223989009857178, 5.135557174682617, 5.196198463439941, 6.311092853546143, 4.850691318511963, 6.326892375946045, 4.720664024353027, 4.92779016494751, 4.317857265472412, 4.190817832946777, 4.561239719390869, 4.398797035217285, 4.431469917297363, 4.667779445648193, 4.637784957885742, 6.260613918304443, 5.66241455078125, 5.62510871887207, 4.377265453338623], "val_accuracy": [0.28260868787765503, 0.21739129722118378, 0.3478260934352875, 0.3913043439388275, 0.21739129722118378, 0.30434781312942505, 0.3913043439388275, 0.15217390656471252, 0.3478260934352875, 0.43478259444236755, 0.3913043439388275, 0.3478260934352875, 0.3913043439388275, 0.28260868787765503, 0.3478260934352875, 0.41304346919059753, 0.30434781312942505, 0.3695652186870575, 0.3695652186870575, 0.32608696818351746, 0.3695652186870575, 0.3478260934352875, 0.32608696818351746, 0.41304346919059753, 0.41304346919059753, 0.30434781312942505, 0.30434781312942505, 0.3695652186870575, 0.3913043439388275, 0.30434781312942505, 0.32608696818351746, 0.41304346919059753, 0.3913043439388275, 0.41304346919059753, 0.3695652186870575, 0.32608696818351746, 0.45652174949645996, 0.3913043439388275, 0.41304346919059753, 0.3478260934352875, 0.3695652186870575, 0.45652174949645996, 0.41304346919059753, 0.3478260934352875, 0.41304346919059753, 0.32608696818351746, 0.3478260934352875, 0.45652174949645996, 0.32608696818351746, 0.3913043439388275]}