{"loss": [1.6914347410202026, 0.7585300207138062, 0.48297443985939026, 0.4299478232860565, 0.3321090340614319, 0.2676699459552765, 0.17338190972805023, 0.16856041550636292, 0.16534842550754547, 0.17275410890579224, 0.12964721024036407, 0.14131256937980652, 0.13093245029449463, 0.11032159626483917, 0.13159924745559692, 0.12373802065849304, 0.1406887173652649, 0.10345390439033508, 0.12950624525547028, 0.12428077310323715, 0.10008204728364944, 0.09485779702663422, 0.10079208761453629, 0.10772436857223511, 0.09711594879627228, 0.10785210877656937, 0.11326739937067032, 0.10948880761861801, 0.08997935801744461, 0.09052517265081406, 0.07782051712274551, 0.08629852533340454, 0.08918964117765427, 0.09271637350320816, 0.09147291630506516, 0.12513931095600128, 0.08356379717588425, 0.07560620456933975, 0.07828881591558456, 0.08198321610689163, 0.09192360937595367, 0.08465620130300522, 0.0736711323261261, 0.07962393760681152, 0.07353249937295914, 0.07027105987071991, 0.07426457852125168, 0.08057081699371338, 0.07052014023065567, 0.0687042623758316], "accuracy": [0.40092167258262634, 0.7188940048217773, 0.8248847723007202, 0.861751139163971, 0.9032257795333862, 0.9170507192611694, 0.9585253596305847, 0.9631336331367493, 0.9585253596305847, 0.9585253596305847, 0.9539170265197754, 0.9493087530136108, 0.9493087530136108, 0.9585253596305847, 0.9539170265197754, 0.9539170265197754, 0.9585253596305847, 0.9585253596305847, 0.9493087530136108, 0.9539170265197754, 0.9585253596305847, 0.9631336331367493, 0.9631336331367493, 0.9585253596305847, 0.9539170265197754, 0.9631336331367493, 0.9585253596305847, 0.9585253596305847, 0.9493087530136108, 0.9585253596305847, 0.9631336331367493, 0.9539170265197754, 0.9585253596305847, 0.9539170265197754, 0.9723502397537231, 0.9539170265197754, 0.9539170265197754, 0.9585253596305847, 0.9585253596305847, 0.9631336331367493, 0.9631336331367493, 0.9677419066429138, 0.9631336331367493, 0.9631336331367493, 0.9631336331367493, 0.9585253596305847, 0.9585253596305847, 0.9539170265197754, 0.9677419066429138, 0.9585253596305847], "val_loss": [1.5590630769729614, 1.2915490865707397, 1.55062997341156, 1.552872657775879, 1.6238611936569214, 1.5913606882095337, 1.6268569231033325, 1.6845293045043945, 2.0147452354431152, 1.742203712463379, 1.8472349643707275, 1.8438546657562256, 1.8302017450332642, 1.9778345823287964, 2.0683984756469727, 1.9863723516464233, 1.927467703819275, 2.171722650527954, 2.1010286808013916, 2.025192975997925, 1.9908274412155151, 2.034327745437622, 2.189544200897217, 2.1588127613067627, 2.0663952827453613, 2.2478554248809814, 2.1261343955993652, 2.311985969543457, 2.2006099224090576, 2.2688982486724854, 2.1831462383270264, 2.2404255867004395, 2.3682470321655273, 2.3525094985961914, 2.4587697982788086, 2.2744176387786865, 2.233771562576294, 2.328913450241089, 2.3115150928497314, 2.4524776935577393, 2.3085520267486572, 2.4283063411712646, 2.414504289627075, 2.3382771015167236, 2.34891414642334, 2.385497808456421, 2.3745460510253906, 2.4472341537475586, 2.3973560333251953, 2.405782699584961], "val_accuracy": [0.3913043439388275, 0.54347825050354, 0.45652174949645996, 0.45652174949645996, 0.5, 0.54347825050354, 0.54347825050354, 0.52173912525177, 0.45652174949645996, 0.5, 0.5, 0.5652173757553101, 0.54347825050354, 0.45652174949645996, 0.52173912525177, 0.5652173757553101, 0.52173912525177, 0.41304346919059753, 0.52173912525177, 0.47826087474823, 0.54347825050354, 0.5652173757553101, 0.5, 0.54347825050354, 0.54347825050354, 0.45652174949645996, 0.5652173757553101, 0.45652174949645996, 0.54347825050354, 0.5652173757553101, 0.5, 0.52173912525177, 0.52173912525177, 0.5, 0.45652174949645996, 0.52173912525177, 0.52173912525177, 0.52173912525177, 0.54347825050354, 0.5, 0.54347825050354, 0.45652174949645996, 0.5652173757553101, 0.5, 0.52173912525177, 0.52173912525177, 0.52173912525177, 0.5, 0.52173912525177, 0.52173912525177]}