{"loss": [2.4444169998168945, 0.6737022399902344, 0.3257997930049896, 0.2749663293361664, 0.18015576899051666, 0.1429232805967331, 0.1435384899377823, 0.13826799392700195, 0.14172333478927612, 0.15139317512512207, 0.16970427334308624, 0.12464451789855957, 0.1371973305940628, 0.14226733148097992, 0.15180107951164246, 0.12259556353092194, 0.10700015723705292, 0.08479490876197815, 0.10609592497348785, 0.09695249050855637, 0.11512080579996109, 0.0890999361872673, 0.09153087437152863, 0.10672856867313385, 0.08304380625486374, 0.08221250027418137, 0.08041465282440186, 0.0867815837264061, 0.08619055151939392, 0.08275632560253143, 0.08038389682769775, 0.07653963565826416, 0.06941260397434235, 0.06972881406545639, 0.07581154257059097, 0.07602446526288986, 0.07521912455558777, 0.06637141853570938, 0.064915232360363, 0.07197855412960052, 0.0637165829539299, 0.06522428244352341, 0.06421154737472534, 0.06560873240232468, 0.06552416831254959, 0.07185817509889603, 0.08937322348356247, 0.07054398208856583, 0.1006392389535904, 0.06676339358091354], "accuracy": [0.4377880096435547, 0.7465437650680542, 0.9032257795333862, 0.9170507192611694, 0.9447004795074463, 0.9585253596305847, 0.9585253596305847, 0.9677419066429138, 0.9677419066429138, 0.9631336331367493, 0.9539170265197754, 0.9677419066429138, 0.9631336331367493, 0.9585253596305847, 0.9539170265197754, 0.9631336331367493, 0.9539170265197754, 0.9631336331367493, 0.9677419066429138, 0.9585253596305847, 0.9585253596305847, 0.9631336331367493, 0.9631336331367493, 0.9585253596305847, 0.9539170265197754, 0.9585253596305847, 0.9677419066429138, 0.9539170265197754, 0.9539170265197754, 0.9539170265197754, 0.9585253596305847, 0.9677419066429138, 0.9631336331367493, 0.9539170265197754, 0.9631336331367493, 0.9539170265197754, 0.9631336331367493, 0.9539170265197754, 0.9631336331367493, 0.9539170265197754, 0.9585253596305847, 0.9493087530136108, 0.9539170265197754, 0.9539170265197754, 0.9539170265197754, 0.9631336331367493, 0.9539170265197754, 0.9585253596305847, 0.9493087530136108, 0.9539170265197754], "val_loss": [1.9157359600067139, 1.6347030401229858, 1.7571008205413818, 1.8459751605987549, 1.8123927116394043, 1.9036301374435425, 1.853543996810913, 1.8846622705459595, 1.8039644956588745, 1.7925822734832764, 1.9447959661483765, 1.8383699655532837, 2.062089681625366, 2.0085108280181885, 2.190903902053833, 1.941810965538025, 1.9138760566711426, 1.839370846748352, 1.8577171564102173, 1.929276466369629, 1.9094840288162231, 1.8815330266952515, 2.042675733566284, 2.015136957168579, 1.8858448266983032, 1.9425005912780762, 1.946267008781433, 1.9962581396102905, 2.0077812671661377, 1.9694578647613525, 2.062932014465332, 2.022514820098877, 2.0112223625183105, 1.9875961542129517, 1.9790092706680298, 1.9390857219696045, 2.0260539054870605, 1.9909396171569824, 2.0293991565704346, 2.0423951148986816, 1.9979815483093262, 2.0026612281799316, 1.9911749362945557, 2.0458264350891113, 2.026732921600342, 2.0281684398651123, 2.0260367393493652, 2.0898001194000244, 2.0013341903686523, 2.0736513137817383], "val_accuracy": [0.41304346919059753, 0.52173912525177, 0.5652173757553101, 0.5, 0.5869565010070801, 0.5652173757553101, 0.6086956262588501, 0.5869565010070801, 0.6304348111152649, 0.6086956262588501, 0.6086956262588501, 0.54347825050354, 0.5652173757553101, 0.54347825050354, 0.54347825050354, 0.6521739363670349, 0.5652173757553101, 0.6086956262588501, 0.6521739363670349, 0.5869565010070801, 0.6521739363670349, 0.6086956262588501, 0.5869565010070801, 0.5869565010070801, 0.5869565010070801, 0.5652173757553101, 0.6304348111152649, 0.5869565010070801, 0.5652173757553101, 0.6086956262588501, 0.5652173757553101, 0.6304348111152649, 0.5869565010070801, 0.5652173757553101, 0.6304348111152649, 0.6086956262588501, 0.5652173757553101, 0.5869565010070801, 0.6086956262588501, 0.5869565010070801, 0.5869565010070801, 0.6086956262588501, 0.6086956262588501, 0.5869565010070801, 0.5869565010070801, 0.6304348111152649, 0.5652173757553101, 0.6086956262588501, 0.5869565010070801, 0.5869565010070801]}